"","covariance_structures","correlation_abs","sample_sizes","power_global","power_max"
"2","Unstructured",0,3,"0","0.628"
"3","Unstructured",0,4,"0.037","0.057"
"4","Unstructured",0,5,"0.056","0.066"
"5","Unstructured",0,6,"0.054","0.042"
"6","Unstructured",0,7,"0.053","0.06"
"7","Unstructured",0,8,"0.055","0.055"
"8","Unstructured",0,9,"0.054","0.045"
"9","Unstructured",0,10,"0.051","0.051"
"10","Unstructured",0,11,"0.066","0.055"
"11","Unstructured",0,21,"0.058","0.048"
"12","Unstructured",0,31,"0.043","0.043"
"13","Unstructured",0,41,"0.047","0.055"
"14","Unstructured",0,51,"0.061","0.043"
"15","Unstructured",0,61,"0.054","0.052"
"16","Unstructured",0,71,"0.043","0.046"
"17","Unstructured",0,81,"0.061","0.048"
"18","Unstructured",0,91,"0.055","0.056"
"19","Unstructured",0.1,3,"0","0.623"
"20","Unstructured",0.1,4,"0.031","0.058"
"21","Unstructured",0.1,5,"0.054","0.057"
"22","Unstructured",0.1,6,"0.045","0.047"
"23","Unstructured",0.1,7,"0.046","0.067"
"24","Unstructured",0.1,8,"0.058","0.048"
"25","Unstructured",0.1,9,"0.054","0.055"
"26","Unstructured",0.1,10,"0.048","0.045"
"27","Unstructured",0.1,11,"0.055","0.042"
"28","Unstructured",0.1,21,"0.056","0.049"
"29","Unstructured",0.1,31,"0.056","0.057"
"30","Unstructured",0.1,41,"0.052","0.045"
"31","Unstructured",0.1,51,"0.066","0.051"
"32","Unstructured",0.1,61,"0.052","0.039"
"33","Unstructured",0.1,71,"0.05","0.061"
"34","Unstructured",0.1,81,"0.058","0.058"
"35","Unstructured",0.1,91,"0.056","0.057"
"36","Unstructured",0.2,3,"0","0.636"
"37","Unstructured",0.2,4,"0.029","0.064"
"38","Unstructured",0.2,5,"0.042","0.061"
"39","Unstructured",0.2,6,"0.056","0.064"
"40","Unstructured",0.2,7,"0.046","0.048"
"41","Unstructured",0.2,8,"0.062","0.054"
"42","Unstructured",0.2,9,"0.033","0.044"
"43","Unstructured",0.2,10,"0.046","0.056"
"44","Unstructured",0.2,11,"0.045","0.049"
"45","Unstructured",0.2,21,"0.067","0.051"
"46","Unstructured",0.2,31,"0.046","0.05"
"47","Unstructured",0.2,41,"0.05","0.043"
"48","Unstructured",0.2,51,"0.068","0.06"
"49","Unstructured",0.2,61,"0.051","0.046"
"50","Unstructured",0.2,71,"0.068","0.058"
"51","Unstructured",0.2,81,"0.056","0.044"
"52","Unstructured",0.2,91,"0.054","0.055"
"53","Unstructured",0.3,3,"0","0.64"
"54","Unstructured",0.3,4,"0.039","0.046"
"55","Unstructured",0.3,5,"0.041","0.043"
"56","Unstructured",0.3,6,"0.047","0.044"
"57","Unstructured",0.3,7,"0.05","0.056"
"58","Unstructured",0.3,8,"0.052","0.053"
"59","Unstructured",0.3,9,"0.048","0.037"
"60","Unstructured",0.3,10,"0.049","0.048"
"61","Unstructured",0.3,11,"0.06","0.063"
"62","Unstructured",0.3,21,"0.054","0.039"
"63","Unstructured",0.3,31,"0.042","0.045"
"64","Unstructured",0.3,41,"0.04","0.035"
"65","Unstructured",0.3,51,"0.046","0.04"
"66","Unstructured",0.3,61,"0.054","0.048"
"67","Unstructured",0.3,71,"0.062","0.057"
"68","Unstructured",0.3,81,"0.057","0.055"
"69","Unstructured",0.3,91,"0.05","0.046"
"70","Unstructured",0.4,3,"0","0.63"
"71","Unstructured",0.4,4,"0.039","0.061"
"72","Unstructured",0.4,5,"0.048","0.054"
"73","Unstructured",0.4,6,"0.045","0.048"
"74","Unstructured",0.4,7,"0.052","0.041"
"75","Unstructured",0.4,8,"0.048","0.044"
"76","Unstructured",0.4,9,"0.044","0.053"
"77","Unstructured",0.4,10,"0.056","0.061"
"78","Unstructured",0.4,11,"0.055","0.047"
"79","Unstructured",0.4,21,"0.054","0.035"
"80","Unstructured",0.4,31,"0.045","0.04"
"81","Unstructured",0.4,41,"0.061","0.055"
"82","Unstructured",0.4,51,"0.048","0.05"
"83","Unstructured",0.4,61,"0.058","0.069"
"84","Unstructured",0.4,71,"0.062","0.055"
"85","Unstructured",0.4,81,"0.043","0.049"
"86","Unstructured",0.4,91,"0.036","0.047"
"87","Unstructured",0.5,3,"0","0.61"
"88","Unstructured",0.5,4,"0.041","0.067"
"89","Unstructured",0.5,5,"0.043","0.064"
"90","Unstructured",0.5,6,"0.042","0.064"
"91","Unstructured",0.5,7,"0.056","0.047"
"92","Unstructured",0.5,8,"0.048","0.047"
"93","Unstructured",0.5,9,"0.064","0.037"
"94","Unstructured",0.5,10,"0.051","0.055"
"95","Unstructured",0.5,11,"0.051","0.05"
"96","Unstructured",0.5,21,"0.061","0.055"
"97","Unstructured",0.5,31,"0.055","0.042"
"98","Unstructured",0.5,41,"0.041","0.046"
"99","Unstructured",0.5,51,"0.035","0.031"
"100","Unstructured",0.5,61,"0.054","0.058"
"101","Unstructured",0.5,71,"0.063","0.043"
"102","Unstructured",0.5,81,"0.052","0.051"
"103","Unstructured",0.5,91,"0.048","0.06"
"104","Unstructured",0.6,3,"0.001","0.62"
"105","Unstructured",0.6,4,"0.05","0.06"
"106","Unstructured",0.6,5,"0.052","0.062"
"107","Unstructured",0.6,6,"0.048","0.059"
"108","Unstructured",0.6,7,"0.044","0.044"
"109","Unstructured",0.6,8,"0.045","0.04"
"110","Unstructured",0.6,9,"0.05","0.046"
"111","Unstructured",0.6,10,"0.061","0.042"
"112","Unstructured",0.6,11,"0.059","0.044"
"113","Unstructured",0.6,21,"0.047","0.044"
"114","Unstructured",0.6,31,"0.05","0.053"
"115","Unstructured",0.6,41,"0.058","0.046"
"116","Unstructured",0.6,51,"0.052","0.04"
"117","Unstructured",0.6,61,"0.055","0.046"
"118","Unstructured",0.6,71,"0.062","0.05"
"119","Unstructured",0.6,81,"0.053","0.066"
"120","Unstructured",0.6,91,"0.058","0.056"
"121","Unstructured",0.7,3,"0","0.585"
"122","Unstructured",0.7,4,"0.05","0.065"
"123","Unstructured",0.7,5,"0.05","0.057"
"124","Unstructured",0.7,6,"0.061","0.05"
"125","Unstructured",0.7,7,"0.047","0.041"
"126","Unstructured",0.7,8,"0.041","0.045"
"127","Unstructured",0.7,9,"0.051","0.073"
"128","Unstructured",0.7,10,"0.045","0.049"
"129","Unstructured",0.7,11,"0.052","0.054"
"130","Unstructured",0.7,21,"0.057","0.056"
"131","Unstructured",0.7,31,"0.052","0.039"
"132","Unstructured",0.7,41,"0.053","0.06"
"133","Unstructured",0.7,51,"0.047","0.053"
"134","Unstructured",0.7,61,"0.054","0.043"
"135","Unstructured",0.7,71,"0.057","0.057"
"136","Unstructured",0.7,81,"0.048","0.047"
"137","Unstructured",0.7,91,"0.056","0.054"
"138","Unstructured",0.8,3,"0","0.645"
"139","Unstructured",0.8,4,"0.042","0.058"
"140","Unstructured",0.8,5,"0.048","0.061"
"141","Unstructured",0.8,6,"0.052","0.048"
"142","Unstructured",0.8,7,"0.055","0.042"
"143","Unstructured",0.8,8,"0.049","0.045"
"144","Unstructured",0.8,9,"0.036","0.061"
"145","Unstructured",0.8,10,"0.052","0.054"
"146","Unstructured",0.8,11,"0.051","0.049"
"147","Unstructured",0.8,21,"0.048","0.048"
"148","Unstructured",0.8,31,"0.043","0.043"
"149","Unstructured",0.8,41,"0.046","0.046"
"150","Unstructured",0.8,51,"0.045","0.043"
"151","Unstructured",0.8,61,"0.044","0.038"
"152","Unstructured",0.8,71,"0.045","0.045"
"153","Unstructured",0.8,81,"0.052","0.048"
"154","Unstructured",0.8,91,"0.046","0.049"
"155","Unstructured",0.9,3,"0","0.643"
"156","Unstructured",0.9,4,"0.035","0.065"
"157","Unstructured",0.9,5,"0.053","0.057"
"158","Unstructured",0.9,6,"0.043","0.053"
"159","Unstructured",0.9,7,"0.05","0.065"
"160","Unstructured",0.9,8,"0.055","0.055"
"161","Unstructured",0.9,9,"0.046","0.053"
"162","Unstructured",0.9,10,"0.057","0.041"
"163","Unstructured",0.9,11,"0.057","0.058"
"164","Unstructured",0.9,21,"0.05","0.04"
"165","Unstructured",0.9,31,"0.044","0.044"
"166","Unstructured",0.9,41,"0.067","0.047"
"167","Unstructured",0.9,51,"0.044","0.048"
"168","Unstructured",0.9,61,"0.051","0.04"
"169","Unstructured",0.9,71,"0.054","0.053"
"170","Unstructured",0.9,81,"0.052","0.043"
"171","Unstructured",0.9,91,"0.054","0.057"
"172","Unstructured",1,3,"0","0.636"
"173","Unstructured",1,4,"0.034","0.069"
"174","Unstructured",1,5,"0.046","0.061"
"175","Unstructured",1,6,"0.051","0.075"
"176","Unstructured",1,7,"0.053","0.057"
"177","Unstructured",1,8,"0.045","0.035"
"178","Unstructured",1,9,"0.05","0.045"
"179","Unstructured",1,10,"0.055","0.042"
"180","Unstructured",1,11,"0.053","0.054"
"181","Unstructured",1,21,"0.07","0.052"
"182","Unstructured",1,31,"0.049","0.044"
"183","Unstructured",1,41,"0.041","0.042"
"184","Unstructured",1,51,"0.048","0.048"
"185","Unstructured",1,61,"0.051","0.053"
"186","Unstructured",1,71,"0.056","0.062"
"187","Unstructured",1,81,"0.049","0.046"
"188","Unstructured",1,91,"0.046","0.05"
"189","AR(1)",0,3,"0.001","0.671"
"190","AR(1)",0,4,"0.065","0.082"
"191","AR(1)",0,5,"0.081","0.095"
"192","AR(1)",0,6,"0.131","0.095"
"193","AR(1)",0,7,"0.138","0.093"
"194","AR(1)",0,8,"0.135","0.133"
"195","AR(1)",0,9,"0.169","0.147"
"196","AR(1)",0,10,"0.178","0.141"
"197","AR(1)",0,11,"0.174","0.15"
"198","AR(1)",0,21,"0.401","0.467"
"199","AR(1)",0,31,"0.632","0.724"
"200","AR(1)",0,41,"0.766","0.877"
"201","AR(1)",0,51,"0.886","0.954"
"202","AR(1)",0,61,"0.941","0.985"
"203","AR(1)",0,71,"0.971","0.995"
"204","AR(1)",0,81,"0.989","0.997"
"205","AR(1)",0,91,"0.995","1"
"206","AR(1)",0.1,3,"0","0.664"
"207","AR(1)",0.1,4,"0.061","0.072"
"208","AR(1)",0.1,5,"0.09","0.064"
"209","AR(1)",0.1,6,"0.102","0.089"
"210","AR(1)",0.1,7,"0.122","0.085"
"211","AR(1)",0.1,8,"0.127","0.119"
"212","AR(1)",0.1,9,"0.147","0.098"
"213","AR(1)",0.1,10,"0.201","0.153"
"214","AR(1)",0.1,11,"0.217","0.172"
"215","AR(1)",0.1,21,"0.412","0.453"
"216","AR(1)",0.1,31,"0.613","0.739"
"217","AR(1)",0.1,41,"0.77","0.889"
"218","AR(1)",0.1,51,"0.9","0.97"
"219","AR(1)",0.1,61,"0.946","0.987"
"220","AR(1)",0.1,71,"0.971","0.996"
"221","AR(1)",0.1,81,"0.99","0.998"
"222","AR(1)",0.1,91,"0.998","0.999"
"223","AR(1)",0.2,3,"0.002","0.669"
"224","AR(1)",0.2,4,"0.075","0.075"
"225","AR(1)",0.2,5,"0.095","0.096"
"226","AR(1)",0.2,6,"0.119","0.097"
"227","AR(1)",0.2,7,"0.118","0.091"
"228","AR(1)",0.2,8,"0.131","0.097"
"229","AR(1)",0.2,9,"0.17","0.138"
"230","AR(1)",0.2,10,"0.174","0.151"
"231","AR(1)",0.2,11,"0.192","0.156"
"232","AR(1)",0.2,21,"0.4","0.476"
"233","AR(1)",0.2,31,"0.621","0.764"
"234","AR(1)",0.2,41,"0.764","0.892"
"235","AR(1)",0.2,51,"0.883","0.961"
"236","AR(1)",0.2,61,"0.94","0.991"
"237","AR(1)",0.2,71,"0.979","0.997"
"238","AR(1)",0.2,81,"0.989","0.998"
"239","AR(1)",0.2,91,"0.997","0.999"
"240","AR(1)",0.3,3,"0","0.674"
"241","AR(1)",0.3,4,"0.067","0.078"
"242","AR(1)",0.3,5,"0.096","0.078"
"243","AR(1)",0.3,6,"0.114","0.077"
"244","AR(1)",0.3,7,"0.126","0.11"
"245","AR(1)",0.3,8,"0.157","0.126"
"246","AR(1)",0.3,9,"0.162","0.12"
"247","AR(1)",0.3,10,"0.159","0.142"
"248","AR(1)",0.3,11,"0.198","0.169"
"249","AR(1)",0.3,21,"0.382","0.482"
"250","AR(1)",0.3,31,"0.602","0.748"
"251","AR(1)",0.3,41,"0.79","0.916"
"252","AR(1)",0.3,51,"0.89","0.971"
"253","AR(1)",0.3,61,"0.947","0.991"
"254","AR(1)",0.3,71,"0.969","0.996"
"255","AR(1)",0.3,81,"0.991","1"
"256","AR(1)",0.3,91,"0.996","1"
"257","AR(1)",0.4,3,"0","0.683"
"258","AR(1)",0.4,4,"0.062","0.072"
"259","AR(1)",0.4,5,"0.075","0.054"
"260","AR(1)",0.4,6,"0.11","0.095"
"261","AR(1)",0.4,7,"0.104","0.087"
"262","AR(1)",0.4,8,"0.12","0.114"
"263","AR(1)",0.4,9,"0.127","0.124"
"264","AR(1)",0.4,10,"0.14","0.13"
"265","AR(1)",0.4,11,"0.182","0.187"
"266","AR(1)",0.4,21,"0.38","0.493"
"267","AR(1)",0.4,31,"0.557","0.73"
"268","AR(1)",0.4,41,"0.744","0.905"
"269","AR(1)",0.4,51,"0.884","0.971"
"270","AR(1)",0.4,61,"0.949","0.994"
"271","AR(1)",0.4,71,"0.981","0.998"
"272","AR(1)",0.4,81,"0.996","0.998"
"273","AR(1)",0.4,91,"0.997","1"
"274","AR(1)",0.5,3,"0","0.686"
"275","AR(1)",0.5,4,"0.065","0.071"
"276","AR(1)",0.5,5,"0.09","0.077"
"277","AR(1)",0.5,6,"0.101","0.086"
"278","AR(1)",0.5,7,"0.107","0.092"
"279","AR(1)",0.5,8,"0.113","0.093"
"280","AR(1)",0.5,9,"0.136","0.11"
"281","AR(1)",0.5,10,"0.133","0.134"
"282","AR(1)",0.5,11,"0.154","0.185"
"283","AR(1)",0.5,21,"0.342","0.487"
"284","AR(1)",0.5,31,"0.546","0.765"
"285","AR(1)",0.5,41,"0.748","0.935"
"286","AR(1)",0.5,51,"0.855","0.969"
"287","AR(1)",0.5,61,"0.93","0.995"
"288","AR(1)",0.5,71,"0.974","0.998"
"289","AR(1)",0.5,81,"0.991","0.999"
"290","AR(1)",0.5,91,"0.996","1"
"291","AR(1)",0.6,3,"0","0.657"
"292","AR(1)",0.6,4,"0.065","0.057"
"293","AR(1)",0.6,5,"0.097","0.07"
"294","AR(1)",0.6,6,"0.082","0.084"
"295","AR(1)",0.6,7,"0.119","0.103"
"296","AR(1)",0.6,8,"0.107","0.105"
"297","AR(1)",0.6,9,"0.145","0.153"
"298","AR(1)",0.6,10,"0.142","0.165"
"299","AR(1)",0.6,11,"0.137","0.167"
"300","AR(1)",0.6,21,"0.315","0.487"
"301","AR(1)",0.6,31,"0.538","0.787"
"302","AR(1)",0.6,41,"0.696","0.927"
"303","AR(1)",0.6,51,"0.848","0.975"
"304","AR(1)",0.6,61,"0.941","0.994"
"305","AR(1)",0.6,71,"0.966","0.999"
"306","AR(1)",0.6,81,"0.987","1"
"307","AR(1)",0.6,91,"0.996","1"
"308","AR(1)",0.7,3,"0","0.631"
"309","AR(1)",0.7,4,"0.073","0.072"
"310","AR(1)",0.7,5,"0.083","0.076"
"311","AR(1)",0.7,6,"0.096","0.084"
"312","AR(1)",0.7,7,"0.129","0.094"
"313","AR(1)",0.7,8,"0.12","0.109"
"314","AR(1)",0.7,9,"0.13","0.15"
"315","AR(1)",0.7,10,"0.139","0.156"
"316","AR(1)",0.7,11,"0.165","0.202"
"317","AR(1)",0.7,21,"0.266","0.525"
"318","AR(1)",0.7,31,"0.478","0.783"
"319","AR(1)",0.7,41,"0.669","0.93"
"320","AR(1)",0.7,51,"0.816","0.978"
"321","AR(1)",0.7,61,"0.937","0.998"
"322","AR(1)",0.7,71,"0.979","1"
"323","AR(1)",0.7,81,"0.993","0.999"
"324","AR(1)",0.7,91,"0.997","1"
"325","AR(1)",0.8,3,"0","0.615"
"326","AR(1)",0.8,4,"0.059","0.074"
"327","AR(1)",0.8,5,"0.094","0.088"
"328","AR(1)",0.8,6,"0.119","0.114"
"329","AR(1)",0.8,7,"0.113","0.084"
"330","AR(1)",0.8,8,"0.114","0.109"
"331","AR(1)",0.8,9,"0.103","0.134"
"332","AR(1)",0.8,10,"0.154","0.187"
"333","AR(1)",0.8,11,"0.15","0.211"
"334","AR(1)",0.8,21,"0.268","0.609"
"335","AR(1)",0.8,31,"0.478","0.855"
"336","AR(1)",0.8,41,"0.703","0.958"
"337","AR(1)",0.8,51,"0.847","0.993"
"338","AR(1)",0.8,61,"0.943","0.998"
"339","AR(1)",0.8,71,"0.984","1"
"340","AR(1)",0.8,81,"0.999","1"
"341","AR(1)",0.8,91,"1","1"
"342","AR(1)",0.9,3,"0","0.591"
"343","AR(1)",0.9,4,"0.064","0.072"
"344","AR(1)",0.9,5,"0.116","0.087"
"345","AR(1)",0.9,6,"0.113","0.111"
"346","AR(1)",0.9,7,"0.13","0.132"
"347","AR(1)",0.9,8,"0.128","0.156"
"348","AR(1)",0.9,9,"0.167","0.206"
"349","AR(1)",0.9,10,"0.164","0.22"
"350","AR(1)",0.9,11,"0.177","0.278"
"351","AR(1)",0.9,21,"0.385","0.758"
"352","AR(1)",0.9,31,"0.638","0.944"
"353","AR(1)",0.9,41,"0.848","0.999"
"354","AR(1)",0.9,51,"0.966","0.998"
"355","AR(1)",0.9,61,"0.994","1"
"356","AR(1)",0.9,71,"1","1"
"357","AR(1)",0.9,81,"1","1"
"358","AR(1)",0.9,91,"1","1"
"359","AR(1)",1,3,"Covarince matrix non-invertible","Covariance matrix non-invertible"
"360","AR(1)",1,4,"Covarince matrix non-invertible","Covariance matrix non-invertible"
"361","AR(1)",1,5,"Covarince matrix non-invertible","Covariance matrix non-invertible"
"362","AR(1)",1,6,"Covarince matrix non-invertible","Covariance matrix non-invertible"
"363","AR(1)",1,7,"Covarince matrix non-invertible","Covariance matrix non-invertible"
"364","AR(1)",1,8,"Covarince matrix non-invertible","Covariance matrix non-invertible"
"365","AR(1)",1,9,"Covarince matrix non-invertible","Covariance matrix non-invertible"
"366","AR(1)",1,10,"Covarince matrix non-invertible","Covariance matrix non-invertible"
"367","AR(1)",1,11,"Covarince matrix non-invertible","Covariance matrix non-invertible"
"368","AR(1)",1,21,"Covarince matrix non-invertible","Covariance matrix non-invertible"
"369","AR(1)",1,31,"Covarince matrix non-invertible","Covariance matrix non-invertible"
"370","AR(1)",1,41,"Covarince matrix non-invertible","Covariance matrix non-invertible"
"371","AR(1)",1,51,"Covarince matrix non-invertible","Covariance matrix non-invertible"
"372","AR(1)",1,61,"Covarince matrix non-invertible","Covariance matrix non-invertible"
"373","AR(1)",1,71,"Covarince matrix non-invertible","Covariance matrix non-invertible"
"374","AR(1)",1,81,"Covarince matrix non-invertible","Covariance matrix non-invertible"
"375","AR(1)",1,91,"Covarince matrix non-invertible","Covariance matrix non-invertible"
"376","AR(2)",0,3,"0.001","0.679"
"377","AR(2)",0,4,"0.07","0.075"
"378","AR(2)",0,5,"0.095","0.091"
"379","AR(2)",0,6,"0.101","0.072"
"380","AR(2)",0,7,"0.144","0.082"
"381","AR(2)",0,8,"0.138","0.104"
"382","AR(2)",0,9,"0.143","0.105"
"383","AR(2)",0,10,"0.167","0.144"
"384","AR(2)",0,11,"0.185","0.162"
"385","AR(2)",0,21,"0.388","0.459"
"386","AR(2)",0,31,"0.623","0.735"
"387","AR(2)",0,41,"0.785","0.886"
"388","AR(2)",0,51,"0.89","0.967"
"389","AR(2)",0,61,"0.947","0.984"
"390","AR(2)",0,71,"0.986","0.997"
"391","AR(2)",0,81,"0.991","1"
"392","AR(2)",0,91,"0.996","1"
"393","AR(2)",0.1,3,"0","0.605"
"394","AR(2)",0.1,4,"0.068","0.088"
"395","AR(2)",0.1,5,"0.08","0.068"
"396","AR(2)",0.1,6,"0.099","0.103"
"397","AR(2)",0.1,7,"0.105","0.101"
"398","AR(2)",0.1,8,"0.146","0.149"
"399","AR(2)",0.1,9,"0.15","0.18"
"400","AR(2)",0.1,10,"0.134","0.197"
"401","AR(2)",0.1,11,"0.162","0.254"
"402","AR(2)",0.1,21,"0.336","0.697"
"403","AR(2)",0.1,31,"0.584","0.92"
"404","AR(2)",0.1,41,"0.787","0.986"
"405","AR(2)",0.1,51,"0.93","0.997"
"406","AR(2)",0.1,61,"0.991","1"
"407","AR(2)",0.1,71,"1","1"
"408","AR(2)",0.1,81,"1","1"
"409","AR(2)",0.1,91,"1","1"
"410","AR(2)",0.2,3,"0","0.605"
"411","AR(2)",0.2,4,"0.052","0.075"
"412","AR(2)",0.2,5,"0.115","0.073"
"413","AR(2)",0.2,6,"0.115","0.107"
"414","AR(2)",0.2,7,"0.169","0.153"
"415","AR(2)",0.2,8,"0.154","0.177"
"416","AR(2)",0.2,9,"0.158","0.205"
"417","AR(2)",0.2,10,"0.197","0.251"
"418","AR(2)",0.2,11,"0.207","0.324"
"419","AR(2)",0.2,21,"0.416","0.778"
"420","AR(2)",0.2,31,"0.693","0.956"
"421","AR(2)",0.2,41,"0.901","0.996"
"422","AR(2)",0.2,51,"0.978","1"
"423","AR(2)",0.2,61,"0.999","1"
"424","AR(2)",0.2,71,"1","1"
"425","AR(2)",0.2,81,"1","1"
"426","AR(2)",0.2,91,"1","1"
"427","AR(2)",0.3,3,"0","0.615"
"428","AR(2)",0.3,4,"0.058","0.063"
"429","AR(2)",0.3,5,"0.11","0.079"
"430","AR(2)",0.3,6,"0.138","0.117"
"431","AR(2)",0.3,7,"0.142","0.163"
"432","AR(2)",0.3,8,"0.193","0.228"
"433","AR(2)",0.3,9,"0.188","0.251"
"434","AR(2)",0.3,10,"0.186","0.309"
"435","AR(2)",0.3,11,"0.197","0.354"
"436","AR(2)",0.3,21,"0.521","0.868"
"437","AR(2)",0.3,31,"0.836","0.979"
"438","AR(2)",0.3,41,"0.954","1"
"439","AR(2)",0.3,51,"0.999","1"
"440","AR(2)",0.3,61,"1","1"
"441","AR(2)",0.3,71,"1","1"
"442","AR(2)",0.3,81,"1","1"
"443","AR(2)",0.3,91,"1","1"
"444","AR(2)",0.4,3,"0","0.596"
"445","AR(2)",0.4,4,"0.077","0.081"
"446","AR(2)",0.4,5,"0.13","0.106"
"447","AR(2)",0.4,6,"0.153","0.166"
"448","AR(2)",0.4,7,"0.179","0.179"
"449","AR(2)",0.4,8,"0.217","0.284"
"450","AR(2)",0.4,9,"0.249","0.317"
"451","AR(2)",0.4,10,"0.257","0.39"
"452","AR(2)",0.4,11,"0.286","0.472"
"453","AR(2)",0.4,21,"0.659","0.945"
"454","AR(2)",0.4,31,"0.924","0.999"
"455","AR(2)",0.4,41,"0.999","1"
"456","AR(2)",0.4,51,"1","1"
"457","AR(2)",0.4,61,"1","1"
"458","AR(2)",0.4,71,"1","1"
"459","AR(2)",0.4,81,"1","1"
"460","AR(2)",0.4,91,"1","1"
"461","AR(2)",0.5,3,"0","0.618"
"462","AR(2)",0.5,4,"0.106","0.091"
"463","AR(2)",0.5,5,"0.187","0.14"
"464","AR(2)",0.5,6,"0.177","0.206"
"465","AR(2)",0.5,7,"0.245","0.248"
"466","AR(2)",0.5,8,"0.25","0.325"
"467","AR(2)",0.5,9,"0.302","0.402"
"468","AR(2)",0.5,10,"0.346","0.505"
"469","AR(2)",0.5,11,"0.368","0.608"
"470","AR(2)",0.5,21,"0.79","0.98"
"471","AR(2)",0.5,31,"0.988","1"
"472","AR(2)",0.5,41,"1","1"
"473","AR(2)",0.5,51,"1","1"
"474","AR(2)",0.5,61,"1","1"
"475","AR(2)",0.5,71,"1","1"
"476","AR(2)",0.5,81,"1","1"
"477","AR(2)",0.5,91,"1","1"
"478","AR(2)",0.6,3,"0","0.66"
"479","AR(2)",0.6,4,"0.146","0.107"
"480","AR(2)",0.6,5,"0.196","0.156"
"481","AR(2)",0.6,6,"0.258","0.242"
"482","AR(2)",0.6,7,"0.302","0.301"
"483","AR(2)",0.6,8,"0.369","0.43"
"484","AR(2)",0.6,9,"0.403","0.534"
"485","AR(2)",0.6,10,"0.425","0.633"
"486","AR(2)",0.6,11,"0.482","0.711"
"487","AR(2)",0.6,21,"0.93","0.995"
"488","AR(2)",0.6,31,"0.998","1"
"489","AR(2)",0.6,41,"1","1"
"490","AR(2)",0.6,51,"1","1"
"491","AR(2)",0.6,61,"1","1"
"492","AR(2)",0.6,71,"1","1"
"493","AR(2)",0.6,81,"1","1"
"494","AR(2)",0.6,91,"1","1"
"495","AR(2)",0.7,3,"0","0.699"
"496","AR(2)",0.7,4,"0.183","0.127"
"497","AR(2)",0.7,5,"0.284","0.215"
"498","AR(2)",0.7,6,"0.379","0.344"
"499","AR(2)",0.7,7,"0.448","0.469"
"500","AR(2)",0.7,8,"0.478","0.561"
"501","AR(2)",0.7,9,"0.551","0.677"
"502","AR(2)",0.7,10,"0.666","0.828"
"503","AR(2)",0.7,11,"0.725","0.862"
"504","AR(2)",0.7,21,"0.995","0.999"
"505","AR(2)",0.7,31,"1","1"
"506","AR(2)",0.7,41,"1","1"
"507","AR(2)",0.7,51,"1","1"
"508","AR(2)",0.7,61,"1","1"
"509","AR(2)",0.7,71,"1","1"
"510","AR(2)",0.7,81,"1","1"
"511","AR(2)",0.7,91,"1","1"
"512","AR(2)",0.8,3,"0","0.706"
"513","AR(2)",0.8,4,"0.31","0.174"
"514","AR(2)",0.8,5,"0.431","0.284"
"515","AR(2)",0.8,6,"0.581","0.493"
"516","AR(2)",0.8,7,"0.668","0.665"
"517","AR(2)",0.8,8,"0.761","0.811"
"518","AR(2)",0.8,9,"0.835","0.902"
"519","AR(2)",0.8,10,"0.869","0.955"
"520","AR(2)",0.8,11,"0.933","0.982"
"521","AR(2)",0.8,21,"1","1"
"522","AR(2)",0.8,31,"1","1"
"523","AR(2)",0.8,41,"1","1"
"524","AR(2)",0.8,51,"1","1"
"525","AR(2)",0.8,61,"1","1"
"526","AR(2)",0.8,71,"1","1"
"527","AR(2)",0.8,81,"1","1"
"528","AR(2)",0.8,91,"1","1"
"529","AR(2)",0.9,3,"0","0.856"
"530","AR(2)",0.9,4,"0.568","0.263"
"531","AR(2)",0.9,5,"0.791","0.591"
"532","AR(2)",0.9,6,"0.898","0.807"
"533","AR(2)",0.9,7,"0.957","0.942"
"534","AR(2)",0.9,8,"0.98","0.98"
"535","AR(2)",0.9,9,"0.998","0.996"
"536","AR(2)",0.9,10,"0.999","1"
"537","AR(2)",0.9,11,"1","1"
"538","AR(2)",0.9,21,"1","1"
"539","AR(2)",0.9,31,"1","1"
"540","AR(2)",0.9,41,"1","1"
"541","AR(2)",0.9,51,"1","1"
"542","AR(2)",0.9,61,"1","1"
"543","AR(2)",0.9,71,"1","1"
"544","AR(2)",0.9,81,"1","1"
"545","AR(2)",0.9,91,"1","1"
"546","AR(2)",1,3,"Covarince matrix non-invertible","Covariance matrix non-invertible"
"547","AR(2)",1,4,"Covarince matrix non-invertible","Covariance matrix non-invertible"
"548","AR(2)",1,5,"Covarince matrix non-invertible","Covariance matrix non-invertible"
"549","AR(2)",1,6,"Covarince matrix non-invertible","Covariance matrix non-invertible"
"550","AR(2)",1,7,"Covarince matrix non-invertible","Covariance matrix non-invertible"
"551","AR(2)",1,8,"Covarince matrix non-invertible","Covariance matrix non-invertible"
"552","AR(2)",1,9,"Covarince matrix non-invertible","Covariance matrix non-invertible"
"553","AR(2)",1,10,"Covarince matrix non-invertible","Covariance matrix non-invertible"
"554","AR(2)",1,11,"Covarince matrix non-invertible","Covariance matrix non-invertible"
"555","AR(2)",1,21,"Covarince matrix non-invertible","Covariance matrix non-invertible"
"556","AR(2)",1,31,"Covarince matrix non-invertible","Covariance matrix non-invertible"
"557","AR(2)",1,41,"Covarince matrix non-invertible","Covariance matrix non-invertible"
"558","AR(2)",1,51,"Covarince matrix non-invertible","Covariance matrix non-invertible"
"559","AR(2)",1,61,"Covarince matrix non-invertible","Covariance matrix non-invertible"
"560","AR(2)",1,71,"Covarince matrix non-invertible","Covariance matrix non-invertible"
"561","AR(2)",1,81,"Covarince matrix non-invertible","Covariance matrix non-invertible"
"562","AR(2)",1,91,"Covarince matrix non-invertible","Covariance matrix non-invertible"
"563","Toeplitz",0,3,"0","0.586"
"564","Toeplitz",0,4,"0.067","0.075"
"565","Toeplitz",0,5,"0.114","0.082"
"566","Toeplitz",0,6,"0.13","0.113"
"567","Toeplitz",0,7,"0.133","0.13"
"568","Toeplitz",0,8,"0.14","0.163"
"569","Toeplitz",0,9,"0.17","0.215"
"570","Toeplitz",0,10,"0.139","0.256"
"571","Toeplitz",0,11,"0.187","0.296"
"572","Toeplitz",0,21,"0.378","0.806"
"573","Toeplitz",0,31,"0.651","0.969"
"574","Toeplitz",0,41,"0.908","0.999"
"575","Toeplitz",0,51,"0.984","1"
"576","Toeplitz",0,61,"0.998","1"
"577","Toeplitz",0,71,"1","1"
"578","Toeplitz",0,81,"1","1"
"579","Toeplitz",0,91,"1","1"
"580","Toeplitz",0.1,3,"0","0.543"
"581","Toeplitz",0.1,4,"0.077","0.093"
"582","Toeplitz",0.1,5,"0.094","0.084"
"583","Toeplitz",0.1,6,"0.147","0.108"
"584","Toeplitz",0.1,7,"0.107","0.123"
"585","Toeplitz",0.1,8,"0.14","0.158"
"586","Toeplitz",0.1,9,"0.152","0.199"
"587","Toeplitz",0.1,10,"0.175","0.278"
"588","Toeplitz",0.1,11,"0.19","0.317"
"589","Toeplitz",0.1,21,"0.404","0.802"
"590","Toeplitz",0.1,31,"0.651","0.979"
"591","Toeplitz",0.1,41,"0.904","0.998"
"592","Toeplitz",0.1,51,"0.978","1"
"593","Toeplitz",0.1,61,"0.999","1"
"594","Toeplitz",0.1,71,"1","1"
"595","Toeplitz",0.1,81,"1","1"
"596","Toeplitz",0.1,91,"1","1"
"597","Toeplitz",0.2,3,"0","0.56"
"598","Toeplitz",0.2,4,"0.066","0.08"
"599","Toeplitz",0.2,5,"0.098","0.093"
"600","Toeplitz",0.2,6,"0.116","0.131"
"601","Toeplitz",0.2,7,"0.123","0.152"
"602","Toeplitz",0.2,8,"0.147","0.185"
"603","Toeplitz",0.2,9,"0.149","0.206"
"604","Toeplitz",0.2,10,"0.199","0.288"
"605","Toeplitz",0.2,11,"0.185","0.308"
"606","Toeplitz",0.2,21,"0.367","0.812"
"607","Toeplitz",0.2,31,"0.647","0.972"
"608","Toeplitz",0.2,41,"0.898","0.999"
"609","Toeplitz",0.2,51,"0.987","0.998"
"610","Toeplitz",0.2,61,"1","1"
"611","Toeplitz",0.2,71,"1","1"
"612","Toeplitz",0.2,81,"1","1"
"613","Toeplitz",0.2,91,"1","1"
"614","Toeplitz",0.3,3,"0","0.559"
"615","Toeplitz",0.3,4,"0.077","0.076"
"616","Toeplitz",0.3,5,"0.106","0.1"
"617","Toeplitz",0.3,6,"0.112","0.119"
"618","Toeplitz",0.3,7,"0.133","0.126"
"619","Toeplitz",0.3,8,"0.149","0.165"
"620","Toeplitz",0.3,9,"0.164","0.224"
"621","Toeplitz",0.3,10,"0.178","0.255"
"622","Toeplitz",0.3,11,"0.192","0.341"
"623","Toeplitz",0.3,21,"0.361","0.829"
"624","Toeplitz",0.3,31,"0.659","0.968"
"625","Toeplitz",0.3,41,"0.901","0.998"
"626","Toeplitz",0.3,51,"0.98","1"
"627","Toeplitz",0.3,61,"0.998","1"
"628","Toeplitz",0.3,71,"1","1"
"629","Toeplitz",0.3,81,"1","1"
"630","Toeplitz",0.3,91,"1","1"
"631","Toeplitz",0.4,3,"0","0.571"
"632","Toeplitz",0.4,4,"0.069","0.089"
"633","Toeplitz",0.4,5,"0.136","0.108"
"634","Toeplitz",0.4,6,"0.119","0.116"
"635","Toeplitz",0.4,7,"0.124","0.135"
"636","Toeplitz",0.4,8,"0.151","0.161"
"637","Toeplitz",0.4,9,"0.141","0.192"
"638","Toeplitz",0.4,10,"0.16","0.243"
"639","Toeplitz",0.4,11,"0.189","0.302"
"640","Toeplitz",0.4,21,"0.403","0.794"
"641","Toeplitz",0.4,31,"0.65","0.974"
"642","Toeplitz",0.4,41,"0.884","0.998"
"643","Toeplitz",0.4,51,"0.986","0.999"
"644","Toeplitz",0.4,61,"1","1"
"645","Toeplitz",0.4,71,"1","1"
"646","Toeplitz",0.4,81,"1","1"
"647","Toeplitz",0.4,91,"1","1"
"648","Toeplitz",0.5,3,"0","0.573"
"649","Toeplitz",0.5,4,"0.058","0.074"
"650","Toeplitz",0.5,5,"0.088","0.069"
"651","Toeplitz",0.5,6,"0.112","0.103"
"652","Toeplitz",0.5,7,"0.142","0.13"
"653","Toeplitz",0.5,8,"0.141","0.163"
"654","Toeplitz",0.5,9,"0.139","0.206"
"655","Toeplitz",0.5,10,"0.167","0.26"
"656","Toeplitz",0.5,11,"0.183","0.325"
"657","Toeplitz",0.5,21,"0.378","0.797"
"658","Toeplitz",0.5,31,"0.649","0.974"
"659","Toeplitz",0.5,41,"0.877","0.997"
"660","Toeplitz",0.5,51,"0.985","1"
"661","Toeplitz",0.5,61,"0.998","1"
"662","Toeplitz",0.5,71,"1","1"
"663","Toeplitz",0.5,81,"1","1"
"664","Toeplitz",0.5,91,"1","1"
"665","Toeplitz",0.6,3,"0","0.559"
"666","Toeplitz",0.6,4,"0.066","0.081"
"667","Toeplitz",0.6,5,"0.104","0.09"
"668","Toeplitz",0.6,6,"0.143","0.118"
"669","Toeplitz",0.6,7,"0.132","0.119"
"670","Toeplitz",0.6,8,"0.139","0.181"
"671","Toeplitz",0.6,9,"0.16","0.221"
"672","Toeplitz",0.6,10,"0.174","0.276"
"673","Toeplitz",0.6,11,"0.18","0.308"
"674","Toeplitz",0.6,21,"0.377","0.816"
"675","Toeplitz",0.6,31,"0.683","0.966"
"676","Toeplitz",0.6,41,"0.881","0.998"
"677","Toeplitz",0.6,51,"0.988","1"
"678","Toeplitz",0.6,61,"0.999","1"
"679","Toeplitz",0.6,71,"1","1"
"680","Toeplitz",0.6,81,"1","1"
"681","Toeplitz",0.6,91,"1","1"
"682","Toeplitz",0.7,3,"0","0.594"
"683","Toeplitz",0.7,4,"0.07","0.074"
"684","Toeplitz",0.7,5,"0.101","0.09"
"685","Toeplitz",0.7,6,"0.12","0.102"
"686","Toeplitz",0.7,7,"0.149","0.145"
"687","Toeplitz",0.7,8,"0.136","0.15"
"688","Toeplitz",0.7,9,"0.13","0.195"
"689","Toeplitz",0.7,10,"0.158","0.259"
"690","Toeplitz",0.7,11,"0.191","0.335"
"691","Toeplitz",0.7,21,"0.43","0.798"
"692","Toeplitz",0.7,31,"0.673","0.964"
"693","Toeplitz",0.7,41,"0.899","0.997"
"694","Toeplitz",0.7,51,"0.983","1"
"695","Toeplitz",0.7,61,"0.999","1"
"696","Toeplitz",0.7,71,"1","1"
"697","Toeplitz",0.7,81,"1","1"
"698","Toeplitz",0.7,91,"1","1"
"699","Toeplitz",0.8,3,"0","0.583"
"700","Toeplitz",0.8,4,"0.068","0.088"
"701","Toeplitz",0.8,5,"0.106","0.08"
"702","Toeplitz",0.8,6,"0.108","0.098"
"703","Toeplitz",0.8,7,"0.132","0.137"
"704","Toeplitz",0.8,8,"0.166","0.205"
"705","Toeplitz",0.8,9,"0.156","0.23"
"706","Toeplitz",0.8,10,"0.177","0.266"
"707","Toeplitz",0.8,11,"0.203","0.33"
"708","Toeplitz",0.8,21,"0.405","0.808"
"709","Toeplitz",0.8,31,"0.695","0.982"
"710","Toeplitz",0.8,41,"0.897","0.994"
"711","Toeplitz",0.8,51,"0.985","1"
"712","Toeplitz",0.8,61,"0.999","1"
"713","Toeplitz",0.8,71,"1","1"
"714","Toeplitz",0.8,81,"1","1"
"715","Toeplitz",0.8,91,"1","1"
"716","Toeplitz",0.9,3,"0","0.563"
"717","Toeplitz",0.9,4,"0.058","0.08"
"718","Toeplitz",0.9,5,"0.095","0.081"
"719","Toeplitz",0.9,6,"0.123","0.118"
"720","Toeplitz",0.9,7,"0.121","0.132"
"721","Toeplitz",0.9,8,"0.141","0.158"
"722","Toeplitz",0.9,9,"0.15","0.227"
"723","Toeplitz",0.9,10,"0.181","0.264"
"724","Toeplitz",0.9,11,"0.188","0.338"
"725","Toeplitz",0.9,21,"0.394","0.825"
"726","Toeplitz",0.9,31,"0.661","0.973"
"727","Toeplitz",0.9,41,"0.883","0.993"
"728","Toeplitz",0.9,51,"0.984","1"
"729","Toeplitz",0.9,61,"0.999","1"
"730","Toeplitz",0.9,71,"1","1"
"731","Toeplitz",0.9,81,"1","1"
"732","Toeplitz",0.9,91,"1","1"
"733","Toeplitz",1,3,"0","0.594"
"734","Toeplitz",1,4,"0.063","0.058"
"735","Toeplitz",1,5,"0.101","0.092"
"736","Toeplitz",1,6,"0.123","0.115"
"737","Toeplitz",1,7,"0.133","0.144"
"738","Toeplitz",1,8,"0.15","0.167"
"739","Toeplitz",1,9,"0.149","0.191"
"740","Toeplitz",1,10,"0.19","0.255"
"741","Toeplitz",1,11,"0.16","0.307"
"742","Toeplitz",1,21,"0.375","0.815"
"743","Toeplitz",1,31,"0.669","0.979"
"744","Toeplitz",1,41,"0.902","0.999"
"745","Toeplitz",1,51,"0.982","1"
"746","Toeplitz",1,61,"0.999","1"
"747","Toeplitz",1,71,"1","1"
"748","Toeplitz",1,81,"1","1"
"749","Toeplitz",1,91,"1","1"
